"Carimbo de data/hora","Qual é o seu nome?","Qual é a sua idade ?","Quantos anos tem a criança pela qual você é responsável?","Em que ano escolar a criança se encontra?","O que você gostaria(ou deseja) em uma plataforma de estudos para a criança?","Que tipo de interação você espera que esse tipo de plataforma tenha com a criança?","Sua criança tem dificuldades nas aulas de EaD?","Por que você optaria pelo uso de uma plataforma de EaD com a criança sob sua responsabilidade?","Você acha que uma plataforma com Gameficação ajudaria no momento do aprendizado?","Você gostaria que essa plataforma tivesse visualização em outro idioma? Se sim, qual idioma?","O que você não gostaria de encontrar em uma plataforma de EaD para crianças?","Deseja acrescentar mais algum ponto ou informação?"
"2021/04/10 3:16:31 PM GMT-3","Kele da Silva Galdino Lisboa","39","2 anos e 5 meses","Maternal 2","Facilidade de compreensão","Orientação educacional","Sim","Flexibilidade de horário para aulas","Sim","Sim. Espanhol e inglês.","Estimular criatividade","É importante as atividades não serem longas. No máximo 20 min."
"2021/04/10 3:34:35 PM GMT-3","Sandra Córdova de Araújo Santos","46","6","1 ano Ed. Infantil ","Clareza , acessibilidade e dinamismo ","Interação clara e objetiva","Não","Por poder acompanhar de perto a evolução ","Sim","Inglês e espanhol","Cenas negativas e “excesso” de disputar ","Não "
"2021/04/10 3:43:23 PM GMT-3","Ana Carolina ","25","4","Maternal 4","Facilidade,  cores, interação...","Jogos, atividades ( pra aguçar e inteligência e causar curiosidade) , vídeos. ","Não","Na verdade na atual situação opto por essa modalidade , a tecnologia disponibiliza muitas coisas , as crianças tem acesso mais fácil,  elas aprendem além de estudar , a desde pequenas mexer com a tecnologia. Mas também gosto da interação com outros alunos.","Sim","Inglês ","Sendo coisas da faixa etária acho que nada.","As crianças gostam de atividades animadas, algumas musiquinha, bastante cor..."
"2021/04/10 3:45:59 PM GMT-3","Silvia Souza Oliveira Gonzaga ","48","7 anos","2 ano fundamental ","Interação; Dinâmica.","Algo chamativo para interte-la na aula e não ficar distraída.","Sim","Pois nesse tempo que vivemos não optaria por enviar meus filhos à escola... e tendo uma plataforma bacana, fazendo com que a criança fique focada e interativa na aula vale a pena. ","Sim","Ingles, espanhol... Faz as crianças já terem uma noção de outras línguas.","Coisa sem vida; sem interação; sem dinâmica; só texto e texto.","Não... "
"2021/04/10 4:10:42 PM GMT-3","Viviane","44","9","4° ano","Que haja quizes sobre a matéria dada no dia, pois as crianças de hoje adoram isso.","Com vídeos e quizes nteressantes.","Não","Como complementação aos estudos","Sim","Inglês e espanhol","Links fáceis de acessar ","Não"
"2021/04/10 4:40:49 PM GMT-3","Sergio Daniel Paim ","47","14 ,. 10.  05","1° ano , 5° ano ","Construção de caráter e valores ","Atuação ludica","Não","Prefiro presencial ","Sim","Sim ","Não gostaria de coisas voltadas pra sexualidade , voltada pra opção de gênero fora do padrão ","Não "
"2021/04/10 6:38:54 PM GMT-3","Érica Gomes Muniz Lisboa ","39","5","2° período ","Que seja adequada e desafiadora. Que seja interessante, que agregue valores e conhecimento. Que desenvolva a atenção. Que não exagere nos recurso audiovisual.","Que seja intuitiva mas, comunique o erra e mostre opções de acerto.","Não","Apenas em caso extremo, como vivemos nesse momento de pandemia.","Sim","Inglês. ","Imagens sensualizadas, vocabulário inaquedado e com muitas gírias, personagens infantis com comportamento adulto ( namoro).","Não."
"2021/04/10 7:07:37 PM GMT-3","Lúcia Helena Silveira Simões de Souza","38","7","2 ano do fundamental","Um aplicativo onde crianças menores não tivessem dificuldade de utilizar.","Visual.","Sim","Para facilitar o aprendizado.","Sim","Não","Nada específico.","Não"
"2021/04/10 7:32:40 PM GMT-3","Maeve Arriel","43","9 e 5","4° ano e 2° período ","Não sei","Não sei","Sim","Nunca","Sim","Não ","Jogos de acordo com conteúdo ","Não "
"2021/04/10 7:36:47 PM GMT-3","Cristiane Corrêa","38","5","2o período","Atividades lúdicas que educam","Músicas, vídeos, jogos","Sim","Para atrair mais a atenção da criança","Sim","Inglês","Violência","Não"
"2021/04/10 7:36:55 PM GMT-3","Cristiane Corrêa","38","5","2o período","Atividades lúdicas que educam","Músicas, vídeos, jogos","Sim","Para atrair mais a atenção da criança","Sim","Inglês","Violência","Não"
"2021/04/10 7:59:16 PM GMT-3","Pedro Augusto Córdova de Araújo","38","9 e 5 anos","Infantil II e 4ª Série","Um plataforma intuitiva, com ótima usabilidade, onde a criança possa aprender de forma lúdica e se sinta atraída por continuar usando o app.","Iteração por áudio e vídeo.","Não","Para facilitar o aprendizado de forma rápida em momentos extracurriculares.","Sim","Sim, pelo inglês e espanhol.","Usabilidade ruim, que não seja autodidata","Não!"
"2021/04/11 12:32:02 AM GMT-3","Adriana dos Santos ribeiro ","43","7","2°","Mais objetivo e claro. Que a criança aprenda o que é  ensinado.","Boa Fala perguntas  mais objetivas. ","Sim","Pelo fato de não termos as aulas presenciais. Assim as crianças  não ficam perdidas. ","Sim","Sim. Inglês ","Matérias nunca vistas. ","Não."
"2021/04/11 9:08:27 AM GMT-3","Jonatas Jeremias de Siqueira Campos","26","2","Infantil 2","Alguma forma de tornar os estudos mais divertido","Acho que minha resposta anterior já responde essa pergunta...","Sim","Por conta da pandemia, com as escolas fechadas, se faz necessário uma plataforma EAD","Sim","Não acho necessário","Publicidade em vídeo, as crianças odeiam ter seu conteúdo interrompido pela publicidade","Precisa ser fácil de mexer, de modo que a criança consiga interagir com facilidade com a plataforma"
"2021/04/11 10:12:15 AM GMT-3","Rafaela","33","3","Infantil 2","Atividades de estimulo","Mensagens que alertem a existência de tarefas para fazer e atividades para serem executadas que gerem acumulo de pontos.","Sim","Para ajudar a tornar os estudos atraentes","Sim","Sim, ingles","propagandas, para não ter o risco da criança acessar.","o acesso deve ser fácil e  a aparência atraente para a criança."
"2021/04/11 2:11:06 PM GMT-3","Carolina","41","8","3o ano","Educacao com diversao","Nao sei","Não","Para agregar conhecimento","Sim","Nao","Jogos inteligentes","Nao"
"2021/04/12 11:27:30 AM GMT-3","Barbara","33","3","Infantil 3","Letramento, alfabetização","Interativa, em que a criança possa executar atividades ","Sim","Optaria se fosse interativa - não entendi a pergunta","Sim","Ingles e espanhol","Dia das bruxas, ideologia de gênero ","Nao"
"2021/04/12 11:37:51 AM GMT-3","Barbara","33","3","Infantil 3","Letramento, alfabetização","Interativa, em que a criança possa executar atividades ","Sim","Optaria se fosse interativa - não entendi a pergunta","Sim","Ingles e espanhol","Dia das bruxas, ideologia de gênero ","Nao"
"2021/04/12 7:37:11 PM GMT-3","Natália Andrade da Silva ","25","9 meses ","Ainda não estuda ","Que tenha bastante atividades didáticas e que olhe para a necessidade da criança num todo ","Interação dos pais aulas ao vivo e experiências científicas ","Não","Pela comodidade e principalmente em dias que estamos vivendo na pandemia ","Sim","Inglês ","Atividades que não tivesse interação continua com a criança ","Não "
"2021/04/13 6:00:20 AM GMT-3","Moema de Sá Almeida Costa Silva","34 anos","9 anos","4° ano","Atividades educativas interessantes e desafiadoras, com jogos e diferentes formas de trabalhar o conteúdo para atingir os diversos tipos de aprendizes.","Leituras, vídeos, momentos de discussão, criação de hipóteses em textos e jogos. ","Não","Para facilitar o acesso.","Sim","Não necessariamente, mas acho que é interessante para que pessoas de outros países também possam usá-la. Sugiro o inglês e o espanhol.","Não sei muito bem.","Não. "
"2021/04/13 6:05:57 AM GMT-3","Moema de Sá Almeida Costa Silva","34 anos","5 anos ","Infantil 5.","Que ele aprenda de forma interessante, tivesse estimulo à  aprender o que tem interesse no momento. ","Interação com outras criancas e brincadeiras que envolvam movimento.","Sim","Pela facilidade de acesso.","Sim","Não necessariamente, mas seria interessante que houvesse a opção de inglês e espanhol. ","Interação, jogos, atividades lúdicas e leituras simples em que a criança fosse estimulada a cada vez mais adquirir independência no uso da plataforma.","Não. "
"2021/04/13 9:40:04 AM GMT-3","Nádya de Sá","31","2","Infantil 2","Maior interatividade com as crianças","Jogos e vídeos adequados para idade","Sim","Por conta da pandemia","Sim","Sim, inglês e espanhol","Conteúdos para aprendizagem de um novo idioma, alfabetização e contagem","A faixa etária da minha criança é complicada para o uso de plataforma EAD, no entanto, com um pouco mais de sensibilidade talvez fosse possível desenvolver o interesse dessas crianças mais novas "